run_name,method,hyperparam,psnr,ssim,coherence,time,filename
fille,EMG-VBA,-,28.137895262591712,0.7325387344904252,0.03849584236741066,278.4504590034485,fille_emgvba.png
