run_name,method,hyperparam,psnr,ssim,coherence,time,filename
fille,EMG-VBA,-,28.362533699594326,0.7485100050419778,0.03843812644481659,278.1078591346741,fille_emgvba.png
