run_name,method,hyperparam,psnr,ssim,coherence,time,filename
fille,EMG-VBA,-,27.964339811294746,0.7401728461628941,0.03927250951528549,390.97575521469116,fille_emgvba.png
