run_name,method,hyperparam,psnr,ssim,coherence,time,filename
fille,EMG-VBA,-,28.09946118029101,0.7383686896547458,0.03941042721271515,392.21388602256775,fille_emgvba.png
