run_name,method,hyperparam,psnr,ssim,coherence,time,filename
fille,EMG-VBA,-,28.476474988274187,0.7579349124782881,0.03907603770494461,322.475084066391,fille_emgvba.png
