run_name,method,hyperparam,psnr,ssim,coherence,time,filename
fille,EMG-VBA,-,28.367119353092555,0.7422628654864328,0.03861081972718239,294.50141429901123,fille_emgvba.png
