method,hyperparam,psnr,ssim,coherence,time,filename
EMG-VBA,-,28.423975561067387,0.76276070855839,0.043016575,326.6355490684509,emgvba.png
