method,hyperparam,psnr,ssim,coherence,time,filename
EMG-VBA,-,28.320895940378286,0.7614264713372307,0.043467686,560.6204297542572,emgvba.png
DPS,ζ=0.1,19.67475281055976,0.5704496890398012,0.33811072,222.21123027801514,dps_zeta_0.1.png
DPS,ζ=0.2,25.346841898736706,0.675079242370936,0.11260206,220.76108121871948,dps_zeta_0.2.png
PiGDM,sigma_b^2=0.02,28.712645998977383,0.8399626920612585,0.047107253,220.92276191711426,pigdm_s2b_0.02.png
PiGDM,sigma_b^2=0.01,28.948490939644,0.8498501837569378,0.04452008,220.99852991104126,pigdm_s2b_0.01.png
